[{"id":"1254155745-1-1","algorithm-id":"1254155745","order-id":1,"order-event-id":1,"symbol":"SPY R735QTJ8XC9X","time":1609477200.0,"status":"submitted","fill-price":0.0,"fill-price-currency":"USD","fill-quantity":0.0,"direction":"buy","is-assignment":false,"quantity":266.0},{"id":"1254155745-1-2","algorithm-id":"1254155745","order-id":1,"order-event-id":2,"symbol":"SPY R735QTJ8XC9X","time":1609822800.0,"status":"filled","order-fee-amount":1.33,"order-fee-currency":"USD","fill-price":375.3,"fill-price-currency":"USD","fill-quantity":266.0,"direction":"buy","is-assignment":false,"quantity":266.0}]