[{"id":"1739145363-1-1","algorithm-id":"1739145363","order-id":1,"order-event-id":1,"symbol":"EURUSD 8G","time":1422057600.0,"status":"submitted","fill-price":0.0,"fill-price-currency":"USD","fill-quantity":0.0,"direction":"buy","is-assignment":false,"quantity":89011.0},{"id":"1739145363-1-2","algorithm-id":"1739145363","order-id":1,"order-event-id":2,"symbol":"EURUSD 8G","time":1422230400.0,"status":"filled","order-fee-amount":0.0,"order-fee-currency":"USD","fill-price":1.12089,"fill-price-currency":"USD","fill-quantity":89011.0,"direction":"buy","is-assignment":false,"quantity":89011.0},{"id":"1739145363-2-1","algorithm-id":"1739145363","order-id":2,"order-event-id":1,"symbol":"EURUSD 8G","time":1423180800.0,"status":"submitted","fill-price":0.0,"fill-price-currency":"USD","fill-quantity":0.0,"direction":"sell","is-assignment":false,"quantity":-89011.0},{"id":"1739145363-2-2","algorithm-id":"1739145363","order-id":2,"order-event-id":2,"symbol":"EURUSD 8G","time":1423180800.0,"status":"filled","order-fee-amount":0.0,"order-fee-currency":"USD","fill-price":1.147,"fill-price-currency":"USD","fill-quantity":-89011.0,"direction":"sell","is-assignment":false,"quantity":-89011.0},{"id":"1739145363-3-1","algorithm-id":"1739145363","order-id":3,"order-event-id":1,"symbol":"EURUSD 8G","time":1424995200.0,"status":"submitted","fill-price":0.0,"fill-price-currency":"USD","fill-quantity":0.0,"direction":"buy","is-assignment":false,"quantity":91117.0},{"id":"1739145363-3-2","algorithm-id":"1739145363","order-id":3,"order-event-id":2,"symbol":"EURUSD 8G","time":1424995200.0,"status":"filled","order-fee-amount":0.0,"order-fee-currency":"USD","fill-price":1.1203,"fill-price-currency":"USD","fill-quantity":91117.0,"direction":"buy","is-assignment":false,"quantity":91117.0},{"id":"1739145363-4-1","algorithm-id":"1739145363","order-id":4,"order-event-id":1,"symbol":"EURUSD 8G","time":1427155200.0,"status":"submitted","fill-price":0.0,"fill-price-currency":"USD","fill-quantity":0.0,"direction":"sell","is-assignment":false,"quantity":-91117.0},{"id":"1739145363-4-2","algorithm-id":"1739145363","order-id":4,"order-event-id":2,"symbol":"EURUSD 8G","time":1427155200.0,"status":"filled","order-fee-amount":0.0,"order-fee-currency":"USD","fill-price":1.09434,"fill-price-currency":"USD","fill-quantity":-91117.0,"direction":"sell","is-assignment":false,"quantity":-91117.0},{"id":"1739145363-5-1","algorithm-id":"1739145363","order-id":5,"order-event-id":1,"symbol":"EURUSD 8G","time":1428624000.0,"status":"submitted","fill-price":0.0,"fill-price-currency":"USD","fill-quantity":0.0,"direction":"buy","is-assignment":false,"quantity":93477.0},{"id":"1739145363-5-2","algorithm-id":"1739145363","order-id":5,"order-event-id":2,"symbol":"EURUSD 8G","time":1428624000.0,"status":"filled","order-fee-amount":0.0,"order-fee-currency":"USD","fill-price":1.06675,"fill-price-currency":"USD","fill-quantity":93477.0,"direction":"buy","is-assignment":false,"quantity":93477.0},{"id":"1739145363-6-1","algorithm-id":"1739145363","order-id":6,"order-event-id":1,"symbol":"EURUSD 8G","time":1429315200.0,"status":"submitted","fill-price":0.0,"fill-price-currency":"USD","fill-quantity":0.0,"direction":"sell","is-assignment":false,"quantity":-93477.0},{"id":"1739145363-6-2","algorithm-id":"1739145363","order-id":6,"order-event-id":2,"symbol":"EURUSD 8G","time":1429488000.0,"status":"filled","order-fee-amount":0.0,"order-fee-currency":"USD","fill-price":1.08012,"fill-price-currency":"USD","fill-quantity":-93477.0,"direction":"sell","is-assignment":false,"quantity":-93477.0},{"id":"1739145363-7-1","algorithm-id":"1739145363","order-id":7,"order-event-id":1,"symbol":"EURUSD 8G","time":1430352000.0,"status":"submitted","fill-price":0.0,"fill-price-currency":"USD","fill-quantity":0.0,"direction":"sell","is-assignment":false,"quantity":-90852.0},{"id":"1739145363-7-2","algorithm-id":"1739145363","order-id":7,"order-event-id":2,"symbol":"EURUSD 8G","time":1430352000.0,"status":"filled","order-fee-amount":0.0,"order-fee-currency":"USD","fill-price":1.11116,"fill-price-currency":"USD","fill-quantity":-90852.0,"direction":"sell","is-assignment":false,"quantity":-90852.0},{"id":"1739145363-8-1","algorithm-id":"1739145363","order-id":8,"order-event-id":1,"symbol":"EURUSD 8G","time":1432080000.0,"status":"submitted","fill-price":0.0,"fill-price-currency":"USD","fill-quantity":0.0,"direction":"buy","is-assignment":false,"quantity":90852.0},{"id":"1739145363-8-2","algorithm-id":"1739145363","order-id":8,"order-event-id":2,"symbol":"EURUSD 8G","time":1432080000.0,"status":"filled","order-fee-amount":0.0,"order-fee-currency":"USD","fill-price":1.11436,"fill-price-currency":"USD","fill-quantity":90852.0,"direction":"buy","is-assignment":false,"quantity":90852.0},{"id":"1739145363-9-1","algorithm-id":"1739145363","order-id":9,"order-event-id":1,"symbol":"EURUSD 8G","time":1435536000.0,"status":"submitted","fill-price":0.0,"fill-price-currency":"USD","fill-quantity":0.0,"direction":"buy","is-assignment":false,"quantity":91726.0},{"id":"1739145363-9-2","algorithm-id":"1739145363","order-id":9,"order-event-id":2,"symbol":"EURUSD 8G","time":1435536000.0,"status":"filled","order-fee-amount":0.0,"order-fee-currency":"USD","fill-price":1.0976,"fill-price-currency":"USD","fill-quantity":91726.0,"direction":"buy","is-assignment":false,"quantity":91726.0},{"id":"1739145363-10-1","algorithm-id":"1739145363","order-id":10,"order-event-id":1,"symbol":"EURUSD 8G","time":1436572800.0,"status":"submitted","fill-price":0.0,"fill-price-currency":"USD","fill-quantity":0.0,"direction":"sell","is-assignment":false,"quantity":-91726.0},{"id":"1739145363-10-2","algorithm-id":"1739145363","order-id":10,"order-event-id":2,"symbol":"EURUSD 8G","time":1436745600.0,"status":"filled","order-fee-amount":0.0,"order-fee-currency":"USD","fill-price":1.11477,"fill-price-currency":"USD","fill-quantity":-91726.0,"direction":"sell","is-assignment":false,"quantity":-91726.0},{"id":"1739145363-11-1","algorithm-id":"1739145363","order-id":11,"order-event-id":1,"symbol":"EURUSD 8G","time":1437091200.0,"status":"submitted","fill-price":0.0,"fill-price-currency":"USD","fill-quantity":0.0,"direction":"buy","is-assignment":false,"quantity":93940.0},{"id":"1739145363-11-2","algorithm-id":"1739145363","order-id":11,"order-event-id":2,"symbol":"EURUSD 8G","time":1437091200.0,"status":"filled","order-fee-amount":0.0,"order-fee-currency":"USD","fill-price":1.08846,"fill-price-currency":"USD","fill-quantity":93940.0,"direction":"buy","is-assignment":false,"quantity":93940.0},{"id":"1739145363-12-1","algorithm-id":"1739145363","order-id":12,"order-event-id":1,"symbol":"EURUSD 8G","time":1438041600.0,"status":"submitted","fill-price":0.0,"fill-price-currency":"USD","fill-quantity":0.0,"direction":"sell","is-assignment":false,"quantity":-93940.0},{"id":"1739145363-12-2","algorithm-id":"1739145363","order-id":12,"order-event-id":2,"symbol":"EURUSD 8G","time":1438041600.0,"status":"filled","order-fee-amount":0.0,"order-fee-currency":"USD","fill-price":1.10878,"fill-price-currency":"USD","fill-quantity":-93940.0,"direction":"sell","is-assignment":false,"quantity":-93940.0},{"id":"1739145363-13-1","algorithm-id":"1739145363","order-id":13,"order-event-id":1,"symbol":"EURUSD 8G","time":1439424000.0,"status":"submitted","fill-price":0.0,"fill-price-currency":"USD","fill-quantity":0.0,"direction":"sell","is-assignment":false,"quantity":-93367.0},{"id":"1739145363-13-2","algorithm-id":"1739145363","order-id":13,"order-event-id":2,"symbol":"EURUSD 8G","time":1439424000.0,"status":"filled","order-fee-amount":0.0,"order-fee-currency":"USD","fill-price":1.11543,"fill-price-currency":"USD","fill-quantity":-93367.0,"direction":"sell","is-assignment":false,"quantity":-93367.0},{"id":"1739145363-14-1","algorithm-id":"1739145363","order-id":14,"order-event-id":1,"symbol":"EURUSD 8G","time":1441238400.0,"status":"submitted","fill-price":0.0,"fill-price-currency":"USD","fill-quantity":0.0,"direction":"buy","is-assignment":false,"quantity":93367.0},{"id":"1739145363-14-2","algorithm-id":"1739145363","order-id":14,"order-event-id":2,"symbol":"EURUSD 8G","time":1441238400.0,"status":"filled","order-fee-amount":0.0,"order-fee-currency":"USD","fill-price":1.12129,"fill-price-currency":"USD","fill-quantity":93367.0,"direction":"buy","is-assignment":false,"quantity":93367.0},{"id":"1739145363-15-1","algorithm-id":"1739145363","order-id":15,"order-event-id":1,"symbol":"EURUSD 8G","time":1442534400.0,"status":"submitted","fill-price":0.0,"fill-price-currency":"USD","fill-quantity":0.0,"direction":"sell","is-assignment":false,"quantity":-90860.0},{"id":"1739145363-15-2","algorithm-id":"1739145363","order-id":15,"order-event-id":2,"symbol":"EURUSD 8G","time":1442534400.0,"status":"filled","order-fee-amount":0.0,"order-fee-currency":"USD","fill-price":1.14017,"fill-price-currency":"USD","fill-quantity":-90860.0,"direction":"sell","is-assignment":false,"quantity":-90860.0},{"id":"1739145363-16-1","algorithm-id":"1739145363","order-id":16,"order-event-id":1,"symbol":"EURUSD 8G","time":1442880000.0,"status":"submitted","fill-price":0.0,"fill-price-currency":"USD","fill-quantity":0.0,"direction":"buy","is-assignment":false,"quantity":90860.0},{"id":"1739145363-16-2","algorithm-id":"1739145363","order-id":16,"order-event-id":2,"symbol":"EURUSD 8G","time":1442880000.0,"status":"filled","order-fee-amount":0.0,"order-fee-currency":"USD","fill-price":1.11892,"fill-price-currency":"USD","fill-quantity":90860.0,"direction":"buy","is-assignment":false,"quantity":90860.0},{"id":"1739145363-17-1","algorithm-id":"1739145363","order-id":17,"order-event-id":1,"symbol":"EURUSD 8G","time":1444608000.0,"status":"submitted","fill-price":0.0,"fill-price-currency":"USD","fill-quantity":0.0,"direction":"sell","is-assignment":false,"quantity":-92836.0},{"id":"1739145363-17-2","algorithm-id":"1739145363","order-id":17,"order-event-id":2,"symbol":"EURUSD 8G","time":1444608000.0,"status":"filled","order-fee-amount":0.0,"order-fee-currency":"USD","fill-price":1.1367,"fill-price-currency":"USD","fill-quantity":-92836.0,"direction":"sell","is-assignment":false,"quantity":-92836.0},{"id":"1739145363-18-1","algorithm-id":"1739145363","order-id":18,"order-event-id":1,"symbol":"EURUSD 8G","time":1445558400.0,"status":"submitted","fill-price":0.0,"fill-price-currency":"USD","fill-quantity":0.0,"direction":"buy","is-assignment":false,"quantity":92836.0},{"id":"1739145363-18-2","algorithm-id":"1739145363","order-id":18,"order-event-id":2,"symbol":"EURUSD 8G","time":1445558400.0,"status":"filled","order-fee-amount":0.0,"order-fee-currency":"USD","fill-price":1.10824,"fill-price-currency":"USD","fill-quantity":92836.0,"direction":"buy","is-assignment":false,"quantity":92836.0},{"id":"1739145363-19-1","algorithm-id":"1739145363","order-id":19,"order-event-id":1,"symbol":"EURUSD 8G","time":1445644800.0,"status":"submitted","fill-price":0.0,"fill-price-currency":"USD","fill-quantity":0.0,"direction":"buy","is-assignment":false,"quantity":98186.0},{"id":"1739145363-19-2","algorithm-id":"1739145363","order-id":19,"order-event-id":2,"symbol":"EURUSD 8G","time":1445817600.0,"status":"filled","order-fee-amount":0.0,"order-fee-currency":"USD","fill-price":1.10195,"fill-price-currency":"USD","fill-quantity":98186.0,"direction":"buy","is-assignment":false,"quantity":98186.0},{"id":"1739145363-20-1","algorithm-id":"1739145363","order-id":20,"order-event-id":1,"symbol":"EURUSD 8G","time":1449187200.0,"status":"submitted","fill-price":0.0,"fill-price-currency":"USD","fill-quantity":0.0,"direction":"sell","is-assignment":false,"quantity":-98186.0},{"id":"1739145363-20-2","algorithm-id":"1739145363","order-id":20,"order-event-id":2,"symbol":"EURUSD 8G","time":1449187200.0,"status":"filled","order-fee-amount":0.0,"order-fee-currency":"USD","fill-price":1.09169,"fill-price-currency":"USD","fill-quantity":-98186.0,"direction":"sell","is-assignment":false,"quantity":-98186.0},{"id":"1739145363-21-1","algorithm-id":"1739145363","order-id":21,"order-event-id":1,"symbol":"EURUSD 8G","time":1449273600.0,"status":"submitted","fill-price":0.0,"fill-price-currency":"USD","fill-quantity":0.0,"direction":"sell","is-assignment":false,"quantity":-98489.0},{"id":"1739145363-21-2","algorithm-id":"1739145363","order-id":21,"order-event-id":2,"symbol":"EURUSD 8G","time":1449446400.0,"status":"filled","order-fee-amount":0.0,"order-fee-currency":"USD","fill-price":1.08763,"fill-price-currency":"USD","fill-quantity":-98489.0,"direction":"sell","is-assignment":false,"quantity":-98489.0},{"id":"1739145363-22-1","algorithm-id":"1739145363","order-id":22,"order-event-id":1,"symbol":"EURUSD 8G","time":1451433600.0,"status":"submitted","fill-price":0.0,"fill-price-currency":"USD","fill-quantity":0.0,"direction":"buy","is-assignment":false,"quantity":98489.0},{"id":"1739145363-22-2","algorithm-id":"1739145363","order-id":22,"order-event-id":2,"symbol":"EURUSD 8G","time":1451433600.0,"status":"filled","order-fee-amount":0.0,"order-fee-currency":"USD","fill-price":1.09265,"fill-price-currency":"USD","fill-quantity":98489.0,"direction":"buy","is-assignment":false,"quantity":98489.0},{"id":"1739145363-23-1","algorithm-id":"1739145363","order-id":23,"order-event-id":1,"symbol":"EURUSD 8G","time":1452038400.0,"status":"submitted","fill-price":0.0,"fill-price-currency":"USD","fill-quantity":0.0,"direction":"buy","is-assignment":false,"quantity":99226.0},{"id":"1739145363-23-2","algorithm-id":"1739145363","order-id":23,"order-event-id":2,"symbol":"EURUSD 8G","time":1452038400.0,"status":"filled","order-fee-amount":0.0,"order-fee-currency":"USD","fill-price":1.07516,"fill-price-currency":"USD","fill-quantity":99226.0,"direction":"buy","is-assignment":false,"quantity":99226.0},{"id":"1739145363-24-1","algorithm-id":"1739145363","order-id":24,"order-event-id":1,"symbol":"EURUSD 8G","time":1452211200.0,"status":"submitted","fill-price":0.0,"fill-price-currency":"USD","fill-quantity":0.0,"direction":"sell","is-assignment":false,"quantity":-99226.0},{"id":"1739145363-24-2","algorithm-id":"1739145363","order-id":24,"order-event-id":2,"symbol":"EURUSD 8G","time":1452211200.0,"status":"filled","order-fee-amount":0.0,"order-fee-currency":"USD","fill-price":1.09251,"fill-price-currency":"USD","fill-quantity":-99226.0,"direction":"sell","is-assignment":false,"quantity":-99226.0},{"id":"1739145363-25-1","algorithm-id":"1739145363","order-id":25,"order-event-id":1,"symbol":"EURUSD 8G","time":1454544000.0,"status":"submitted","fill-price":0.0,"fill-price-currency":"USD","fill-quantity":0.0,"direction":"sell","is-assignment":false,"quantity":-97717.0},{"id":"1739145363-25-2","algorithm-id":"1739145363","order-id":25,"order-event-id":2,"symbol":"EURUSD 8G","time":1454544000.0,"status":"filled","order-fee-amount":0.0,"order-fee-currency":"USD","fill-price":1.1092,"fill-price-currency":"USD","fill-quantity":-97717.0,"direction":"sell","is-assignment":false,"quantity":-97717.0},{"id":"1739145363-26-1","algorithm-id":"1739145363","order-id":26,"order-event-id":1,"symbol":"EURUSD 8G","time":1456185600.0,"status":"submitted","fill-price":0.0,"fill-price-currency":"USD","fill-quantity":0.0,"direction":"buy","is-assignment":false,"quantity":97717.0},{"id":"1739145363-26-2","algorithm-id":"1739145363","order-id":26,"order-event-id":2,"symbol":"EURUSD 8G","time":1456185600.0,"status":"filled","order-fee-amount":0.0,"order-fee-currency":"USD","fill-price":1.1026,"fill-price-currency":"USD","fill-quantity":97717.0,"direction":"buy","is-assignment":false,"quantity":97717.0},{"id":"1739145363-27-1","algorithm-id":"1739145363","order-id":27,"order-event-id":1,"symbol":"EURUSD 8G","time":1456531200.0,"status":"submitted","fill-price":0.0,"fill-price-currency":"USD","fill-quantity":0.0,"direction":"buy","is-assignment":false,"quantity":99741.0},{"id":"1739145363-27-2","algorithm-id":"1739145363","order-id":27,"order-event-id":2,"symbol":"EURUSD 8G","time":1456704000.0,"status":"filled","order-fee-amount":0.0,"order-fee-currency":"USD","fill-price":1.09367,"fill-price-currency":"USD","fill-quantity":99741.0,"direction":"buy","is-assignment":false,"quantity":99741.0},{"id":"1739145363-28-1","algorithm-id":"1739145363","order-id":28,"order-event-id":1,"symbol":"EURUSD 8G","time":1457654400.0,"status":"submitted","fill-price":0.0,"fill-price-currency":"USD","fill-quantity":0.0,"direction":"sell","is-assignment":false,"quantity":-99741.0},{"id":"1739145363-28-2","algorithm-id":"1739145363","order-id":28,"order-event-id":2,"symbol":"EURUSD 8G","time":1457654400.0,"status":"filled","order-fee-amount":0.0,"order-fee-currency":"USD","fill-price":1.11757,"fill-price-currency":"USD","fill-quantity":-99741.0,"direction":"sell","is-assignment":false,"quantity":-99741.0},{"id":"1739145363-29-1","algorithm-id":"1739145363","order-id":29,"order-event-id":1,"symbol":"EURUSD 8G","time":1458172800.0,"status":"submitted","fill-price":0.0,"fill-price-currency":"USD","fill-quantity":0.0,"direction":"sell","is-assignment":false,"quantity":-99342.0},{"id":"1739145363-29-2","algorithm-id":"1739145363","order-id":29,"order-event-id":2,"symbol":"EURUSD 8G","time":1458172800.0,"status":"filled","order-fee-amount":0.0,"order-fee-currency":"USD","fill-price":1.12156,"fill-price-currency":"USD","fill-quantity":-99342.0,"direction":"sell","is-assignment":false,"quantity":-99342.0},{"id":"1739145363-30-1","algorithm-id":"1739145363","order-id":30,"order-event-id":1,"symbol":"EURUSD 8G","time":1460592000.0,"status":"submitted","fill-price":0.0,"fill-price-currency":"USD","fill-quantity":0.0,"direction":"buy","is-assignment":false,"quantity":99342.0},{"id":"1739145363-30-2","algorithm-id":"1739145363","order-id":30,"order-event-id":2,"symbol":"EURUSD 8G","time":1460592000.0,"status":"filled","order-fee-amount":0.0,"order-fee-currency":"USD","fill-price":1.12787,"fill-price-currency":"USD","fill-quantity":99342.0,"direction":"buy","is-assignment":false,"quantity":99342.0},{"id":"1739145363-31-1","algorithm-id":"1739145363","order-id":31,"order-event-id":1,"symbol":"EURUSD 8G","time":1461369600.0,"status":"submitted","fill-price":0.0,"fill-price-currency":"USD","fill-quantity":0.0,"direction":"buy","is-assignment":false,"quantity":98711.0},{"id":"1739145363-31-2","algorithm-id":"1739145363","order-id":31,"order-event-id":2,"symbol":"EURUSD 8G","time":1461542400.0,"status":"filled","order-fee-amount":0.0,"order-fee-currency":"USD","fill-price":1.12295,"fill-price-currency":"USD","fill-quantity":98711.0,"direction":"buy","is-assignment":false,"quantity":98711.0},{"id":"1739145363-32-1","algorithm-id":"1739145363","order-id":32,"order-event-id":1,"symbol":"EURUSD 8G","time":1461801600.0,"status":"submitted","fill-price":0.0,"fill-price-currency":"USD","fill-quantity":0.0,"direction":"sell","is-assignment":false,"quantity":-98711.0},{"id":"1739145363-32-2","algorithm-id":"1739145363","order-id":32,"order-event-id":2,"symbol":"EURUSD 8G","time":1461801600.0,"status":"filled","order-fee-amount":0.0,"order-fee-currency":"USD","fill-price":1.13258,"fill-price-currency":"USD","fill-quantity":-98711.0,"direction":"sell","is-assignment":false,"quantity":-98711.0},{"id":"1739145363-33-1","algorithm-id":"1739145363","order-id":33,"order-event-id":1,"symbol":"EURUSD 8G","time":1461974400.0,"status":"submitted","fill-price":0.0,"fill-price-currency":"USD","fill-quantity":0.0,"direction":"sell","is-assignment":false,"quantity":-97608.0},{"id":"1739145363-33-2","algorithm-id":"1739145363","order-id":33,"order-event-id":2,"symbol":"EURUSD 8G","time":1462147200.0,"status":"filled","order-fee-amount":0.0,"order-fee-currency":"USD","fill-price":1.14438,"fill-price-currency":"USD","fill-quantity":-97608.0,"direction":"sell","is-assignment":false,"quantity":-97608.0},{"id":"1739145363-34-1","algorithm-id":"1739145363","order-id":34,"order-event-id":1,"symbol":"EURUSD 8G","time":1463184000.0,"status":"submitted","fill-price":0.0,"fill-price-currency":"USD","fill-quantity":0.0,"direction":"buy","is-assignment":false,"quantity":97608.0},{"id":"1739145363-34-2","algorithm-id":"1739145363","order-id":34,"order-event-id":2,"symbol":"EURUSD 8G","time":1463356800.0,"status":"filled","order-fee-amount":0.0,"order-fee-currency":"USD","fill-price":1.13131,"fill-price-currency":"USD","fill-quantity":97608.0,"direction":"buy","is-assignment":false,"quantity":97608.0},{"id":"1739145363-35-1","algorithm-id":"1739145363","order-id":35,"order-event-id":1,"symbol":"EURUSD 8G","time":1463616000.0,"status":"submitted","fill-price":0.0,"fill-price-currency":"USD","fill-quantity":0.0,"direction":"buy","is-assignment":false,"quantity":100735.0},{"id":"1739145363-35-2","algorithm-id":"1739145363","order-id":35,"order-event-id":2,"symbol":"EURUSD 8G","time":1463616000.0,"status":"filled","order-fee-amount":0.0,"order-fee-currency":"USD","fill-price":1.12207,"fill-price-currency":"USD","fill-quantity":100735.0,"direction":"buy","is-assignment":false,"quantity":100735.0},{"id":"1739145363-36-1","algorithm-id":"1739145363","order-id":36,"order-event-id":1,"symbol":"EURUSD 8G","time":1464998400.0,"status":"submitted","fill-price":0.0,"fill-price-currency":"USD","fill-quantity":0.0,"direction":"sell","is-assignment":false,"quantity":-100735.0},{"id":"1739145363-36-2","algorithm-id":"1739145363","order-id":36,"order-event-id":2,"symbol":"EURUSD 8G","time":1465171200.0,"status":"filled","order-fee-amount":0.0,"order-fee-currency":"USD","fill-price":1.13651,"fill-price-currency":"USD","fill-quantity":-100735.0,"direction":"sell","is-assignment":false,"quantity":-100735.0},{"id":"1739145363-37-1","algorithm-id":"1739145363","order-id":37,"order-event-id":1,"symbol":"EURUSD 8G","time":1466812800.0,"status":"submitted","fill-price":0.0,"fill-price-currency":"USD","fill-quantity":0.0,"direction":"buy","is-assignment":false,"quantity":103055.0},{"id":"1739145363-37-2","algorithm-id":"1739145363","order-id":37,"order-event-id":2,"symbol":"EURUSD 8G","time":1466985600.0,"status":"filled","order-fee-amount":0.0,"order-fee-currency":"USD","fill-price":1.11186,"fill-price-currency":"USD","fill-quantity":103055.0,"direction":"buy","is-assignment":false,"quantity":103055.0},{"id":"1739145363-38-1","algorithm-id":"1739145363","order-id":38,"order-event-id":1,"symbol":"EURUSD 8G","time":1469664000.0,"status":"submitted","fill-price":0.0,"fill-price-currency":"USD","fill-quantity":0.0,"direction":"sell","is-assignment":false,"quantity":-103055.0},{"id":"1739145363-38-2","algorithm-id":"1739145363","order-id":38,"order-event-id":2,"symbol":"EURUSD 8G","time":1469664000.0,"status":"filled","order-fee-amount":0.0,"order-fee-currency":"USD","fill-price":1.10665,"fill-price-currency":"USD","fill-quantity":-103055.0,"direction":"sell","is-assignment":false,"quantity":-103055.0},{"id":"1739145363-39-1","algorithm-id":"1739145363","order-id":39,"order-event-id":1,"symbol":"EURUSD 8G","time":1469836800.0,"status":"submitted","fill-price":0.0,"fill-price-currency":"USD","fill-quantity":0.0,"direction":"sell","is-assignment":false,"quantity":-101966.0},{"id":"1739145363-39-2","algorithm-id":"1739145363","order-id":39,"order-event-id":2,"symbol":"EURUSD 8G","time":1470009600.0,"status":"filled","order-fee-amount":0.0,"order-fee-currency":"USD","fill-price":1.11696,"fill-price-currency":"USD","fill-quantity":-101966.0,"direction":"sell","is-assignment":false,"quantity":-101966.0},{"id":"1739145363-40-1","algorithm-id":"1739145363","order-id":40,"order-event-id":1,"symbol":"EURUSD 8G","time":1472256000.0,"status":"submitted","fill-price":0.0,"fill-price-currency":"USD","fill-quantity":0.0,"direction":"buy","is-assignment":false,"quantity":101966.0},{"id":"1739145363-40-2","algorithm-id":"1739145363","order-id":40,"order-event-id":2,"symbol":"EURUSD 8G","time":1472428800.0,"status":"filled","order-fee-amount":0.0,"order-fee-currency":"USD","fill-price":1.12013,"fill-price-currency":"USD","fill-quantity":101966.0,"direction":"buy","is-assignment":false,"quantity":101966.0},{"id":"1739145363-41-1","algorithm-id":"1739145363","order-id":41,"order-event-id":1,"symbol":"EURUSD 8G","time":1476230400.0,"status":"submitted","fill-price":0.0,"fill-price-currency":"USD","fill-quantity":0.0,"direction":"buy","is-assignment":false,"quantity":102754.0},{"id":"1739145363-41-2","algorithm-id":"1739145363","order-id":41,"order-event-id":2,"symbol":"EURUSD 8G","time":1476230400.0,"status":"filled","order-fee-amount":0.0,"order-fee-currency":"USD","fill-price":1.10581,"fill-price-currency":"USD","fill-quantity":102754.0,"direction":"buy","is-assignment":false,"quantity":102754.0},{"id":"1739145363-42-1","algorithm-id":"1739145363","order-id":42,"order-event-id":1,"symbol":"EURUSD 8G","time":1478044800.0,"status":"submitted","fill-price":0.0,"fill-price-currency":"USD","fill-quantity":0.0,"direction":"sell","is-assignment":false,"quantity":-102754.0},{"id":"1739145363-42-2","algorithm-id":"1739145363","order-id":42,"order-event-id":2,"symbol":"EURUSD 8G","time":1478044800.0,"status":"filled","order-fee-amount":0.0,"order-fee-currency":"USD","fill-price":1.10548,"fill-price-currency":"USD","fill-quantity":-102754.0,"direction":"sell","is-assignment":false,"quantity":-102754.0},{"id":"1739145363-43-1","algorithm-id":"1739145363","order-id":43,"order-event-id":1,"symbol":"EURUSD 8G","time":1478304000.0,"status":"submitted","fill-price":0.0,"fill-price-currency":"USD","fill-quantity":0.0,"direction":"sell","is-assignment":false,"quantity":-101966.0},{"id":"1739145363-43-2","algorithm-id":"1739145363","order-id":43,"order-event-id":2,"symbol":"EURUSD 8G","time":1478480400.0,"status":"filled","order-fee-amount":0.0,"order-fee-currency":"USD","fill-price":1.11352,"fill-price-currency":"USD","fill-quantity":-101966.0,"direction":"sell","is-assignment":false,"quantity":-101966.0},{"id":"1739145363-44-1","algorithm-id":"1739145363","order-id":44,"order-event-id":1,"symbol":"EURUSD 8G","time":1478736000.0,"status":"submitted","fill-price":0.0,"fill-price-currency":"USD","fill-quantity":0.0,"direction":"buy","is-assignment":false,"quantity":101966.0},{"id":"1739145363-44-2","algorithm-id":"1739145363","order-id":44,"order-event-id":2,"symbol":"EURUSD 8G","time":1478736000.0,"status":"filled","order-fee-amount":0.0,"order-fee-currency":"USD","fill-price":1.09204,"fill-price-currency":"USD","fill-quantity":101966.0,"direction":"buy","is-assignment":false,"quantity":101966.0},{"id":"1739145363-45-1","algorithm-id":"1739145363","order-id":45,"order-event-id":1,"symbol":"EURUSD 8G","time":1479168000.0,"status":"submitted","fill-price":0.0,"fill-price-currency":"USD","fill-quantity":0.0,"direction":"buy","is-assignment":false,"quantity":107742.0},{"id":"1739145363-45-2","algorithm-id":"1739145363","order-id":45,"order-event-id":2,"symbol":"EURUSD 8G","time":1479168000.0,"status":"filled","order-fee-amount":0.0,"order-fee-currency":"USD","fill-price":1.07463,"fill-price-currency":"USD","fill-quantity":107742.0,"direction":"buy","is-assignment":false,"quantity":107742.0},{"id":"1739145363-46-1","algorithm-id":"1739145363","order-id":46,"order-event-id":1,"symbol":"EURUSD 8G","time":1480723200.0,"status":"submitted","fill-price":0.0,"fill-price-currency":"USD","fill-quantity":0.0,"direction":"sell","is-assignment":false,"quantity":-107742.0},{"id":"1739145363-46-2","algorithm-id":"1739145363","order-id":46,"order-event-id":2,"symbol":"EURUSD 8G","time":1480896000.0,"status":"filled","order-fee-amount":0.0,"order-fee-currency":"USD","fill-price":1.06613,"fill-price-currency":"USD","fill-quantity":-107742.0,"direction":"sell","is-assignment":false,"quantity":-107742.0},{"id":"1739145363-47-1","algorithm-id":"1739145363","order-id":47,"order-event-id":1,"symbol":"EURUSD 8G","time":1481932800.0,"status":"submitted","fill-price":0.0,"fill-price-currency":"USD","fill-quantity":0.0,"direction":"buy","is-assignment":false,"quantity":109901.0},{"id":"1739145363-47-2","algorithm-id":"1739145363","order-id":47,"order-event-id":2,"symbol":"EURUSD 8G","time":1482105600.0,"status":"filled","order-fee-amount":0.0,"order-fee-currency":"USD","fill-price":1.04562,"fill-price-currency":"USD","fill-quantity":109901.0,"direction":"buy","is-assignment":false,"quantity":109901.0},{"id":"1739145363-48-1","algorithm-id":"1739145363","order-id":48,"order-event-id":1,"symbol":"EURUSD 8G","time":1483056000.0,"status":"submitted","fill-price":0.0,"fill-price-currency":"USD","fill-quantity":0.0,"direction":"sell","is-assignment":false,"quantity":-109901.0},{"id":"1739145363-48-2","algorithm-id":"1739145363","order-id":48,"order-event-id":2,"symbol":"EURUSD 8G","time":1483056000.0,"status":"filled","order-fee-amount":0.0,"order-fee-currency":"USD","fill-price":1.05644,"fill-price-currency":"USD","fill-quantity":-109901.0,"direction":"sell","is-assignment":false,"quantity":-109901.0},{"id":"1739145363-49-1","algorithm-id":"1739145363","order-id":49,"order-event-id":1,"symbol":"EURUSD 8G","time":1486944000.0,"status":"submitted","fill-price":0.0,"fill-price-currency":"USD","fill-quantity":0.0,"direction":"buy","is-assignment":false,"quantity":109285.0},{"id":"1739145363-49-2","algorithm-id":"1739145363","order-id":49,"order-event-id":2,"symbol":"EURUSD 8G","time":1486944000.0,"status":"filled","order-fee-amount":0.0,"order-fee-currency":"USD","fill-price":1.06197,"fill-price-currency":"USD","fill-quantity":109285.0,"direction":"buy","is-assignment":false,"quantity":109285.0},{"id":"1739145363-50-1","algorithm-id":"1739145363","order-id":50,"order-event-id":1,"symbol":"EURUSD 8G","time":1488585600.0,"status":"submitted","fill-price":0.0,"fill-price-currency":"USD","fill-quantity":0.0,"direction":"sell","is-assignment":false,"quantity":-109285.0},{"id":"1739145363-50-2","algorithm-id":"1739145363","order-id":50,"order-event-id":2,"symbol":"EURUSD 8G","time":1488758400.0,"status":"filled","order-fee-amount":0.0,"order-fee-currency":"USD","fill-price":1.06171,"fill-price-currency":"USD","fill-quantity":-109285.0,"direction":"sell","is-assignment":false,"quantity":-109285.0},{"id":"1739145363-51-1","algorithm-id":"1739145363","order-id":51,"order-event-id":1,"symbol":"EURUSD 8G","time":1489190400.0,"status":"submitted","fill-price":0.0,"fill-price-currency":"USD","fill-quantity":0.0,"direction":"sell","is-assignment":false,"quantity":-108699.0},{"id":"1739145363-51-2","algorithm-id":"1739145363","order-id":51,"order-event-id":2,"symbol":"EURUSD 8G","time":1489359600.0,"status":"filled","order-fee-amount":0.0,"order-fee-currency":"USD","fill-price":1.06686,"fill-price-currency":"USD","fill-quantity":-108699.0,"direction":"sell","is-assignment":false,"quantity":-108699.0},{"id":"1739145363-52-1","algorithm-id":"1739145363","order-id":52,"order-event-id":1,"symbol":"EURUSD 8G","time":1490918400.0,"status":"submitted","fill-price":0.0,"fill-price-currency":"USD","fill-quantity":0.0,"direction":"buy","is-assignment":false,"quantity":108699.0},{"id":"1739145363-52-2","algorithm-id":"1739145363","order-id":52,"order-event-id":2,"symbol":"EURUSD 8G","time":1490918400.0,"status":"filled","order-fee-amount":0.0,"order-fee-currency":"USD","fill-price":1.06887,"fill-price-currency":"USD","fill-quantity":108699.0,"direction":"buy","is-assignment":false,"quantity":108699.0},{"id":"1739145363-53-1","algorithm-id":"1739145363","order-id":53,"order-event-id":1,"symbol":"EURUSD 8G","time":1491609600.0,"status":"submitted","fill-price":0.0,"fill-price-currency":"USD","fill-quantity":0.0,"direction":"buy","is-assignment":false,"quantity":109348.0},{"id":"1739145363-53-2","algorithm-id":"1739145363","order-id":53,"order-event-id":2,"symbol":"EURUSD 8G","time":1491782400.0,"status":"filled","order-fee-amount":0.0,"order-fee-currency":"USD","fill-price":1.05932,"fill-price-currency":"USD","fill-quantity":109348.0,"direction":"buy","is-assignment":false,"quantity":109348.0},{"id":"1739145363-54-1","algorithm-id":"1739145363","order-id":54,"order-event-id":1,"symbol":"EURUSD 8G","time":1492560000.0,"status":"submitted","fill-price":0.0,"fill-price-currency":"USD","fill-quantity":0.0,"direction":"sell","is-assignment":false,"quantity":-109348.0},{"id":"1739145363-54-2","algorithm-id":"1739145363","order-id":54,"order-event-id":2,"symbol":"EURUSD 8G","time":1492560000.0,"status":"filled","order-fee-amount":0.0,"order-fee-currency":"USD","fill-price":1.07266,"fill-price-currency":"USD","fill-quantity":-109348.0,"direction":"sell","is-assignment":false,"quantity":-109348.0},{"id":"1739145363-55-1","algorithm-id":"1739145363","order-id":55,"order-event-id":1,"symbol":"EURUSD 8G","time":1492992000.0,"status":"submitted","fill-price":0.0,"fill-price-currency":"USD","fill-quantity":0.0,"direction":"sell","is-assignment":false,"quantity":-107841.0},{"id":"1739145363-55-2","algorithm-id":"1739145363","order-id":55,"order-event-id":2,"symbol":"EURUSD 8G","time":1492992000.0,"status":"filled","order-fee-amount":0.0,"order-fee-currency":"USD","fill-price":1.08728,"fill-price-currency":"USD","fill-quantity":-107841.0,"direction":"sell","is-assignment":false,"quantity":-107841.0},{"id":"1739145363-56-1","algorithm-id":"1739145363","order-id":56,"order-event-id":1,"symbol":"EURUSD 8G","time":1494460800.0,"status":"submitted","fill-price":0.0,"fill-price-currency":"USD","fill-quantity":0.0,"direction":"buy","is-assignment":false,"quantity":107841.0},{"id":"1739145363-56-2","algorithm-id":"1739145363","order-id":56,"order-event-id":2,"symbol":"EURUSD 8G","time":1494460800.0,"status":"filled","order-fee-amount":0.0,"order-fee-currency":"USD","fill-price":1.08678,"fill-price-currency":"USD","fill-quantity":107841.0,"direction":"buy","is-assignment":false,"quantity":107841.0},{"id":"1739145363-57-1","algorithm-id":"1739145363","order-id":57,"order-event-id":1,"symbol":"EURUSD 8G","time":1494979200.0,"status":"submitted","fill-price":0.0,"fill-price-currency":"USD","fill-quantity":0.0,"direction":"sell","is-assignment":false,"quantity":-105751.0},{"id":"1739145363-57-2","algorithm-id":"1739145363","order-id":57,"order-event-id":2,"symbol":"EURUSD 8G","time":1494979200.0,"status":"filled","order-fee-amount":0.0,"order-fee-currency":"USD","fill-price":1.10928,"fill-price-currency":"USD","fill-quantity":-105751.0,"direction":"sell","is-assignment":false,"quantity":-105751.0},{"id":"1739145363-58-1","algorithm-id":"1739145363","order-id":58,"order-event-id":1,"symbol":"EURUSD 8G","time":1496966400.0,"status":"submitted","fill-price":0.0,"fill-price-currency":"USD","fill-quantity":0.0,"direction":"buy","is-assignment":false,"quantity":105751.0},{"id":"1739145363-58-2","algorithm-id":"1739145363","order-id":58,"order-event-id":2,"symbol":"EURUSD 8G","time":1496966400.0,"status":"filled","order-fee-amount":0.0,"order-fee-currency":"USD","fill-price":1.11893,"fill-price-currency":"USD","fill-quantity":105751.0,"direction":"buy","is-assignment":false,"quantity":105751.0},{"id":"1739145363-59-1","algorithm-id":"1739145363","order-id":59,"order-event-id":1,"symbol":"EURUSD 8G","time":1498608000.0,"status":"submitted","fill-price":0.0,"fill-price-currency":"USD","fill-quantity":0.0,"direction":"sell","is-assignment":false,"quantity":-102580.0},{"id":"1739145363-59-2","algorithm-id":"1739145363","order-id":59,"order-event-id":2,"symbol":"EURUSD 8G","time":1498608000.0,"status":"filled","order-fee-amount":0.0,"order-fee-currency":"USD","fill-price":1.13364,"fill-price-currency":"USD","fill-quantity":-102580.0,"direction":"sell","is-assignment":false,"quantity":-102580.0},{"id":"1739145363-60-1","algorithm-id":"1739145363","order-id":60,"order-event-id":1,"symbol":"EURUSD 8G","time":1502841600.0,"status":"submitted","fill-price":0.0,"fill-price-currency":"USD","fill-quantity":0.0,"direction":"buy","is-assignment":false,"quantity":102580.0},{"id":"1739145363-60-2","algorithm-id":"1739145363","order-id":60,"order-event-id":2,"symbol":"EURUSD 8G","time":1502841600.0,"status":"filled","order-fee-amount":0.0,"order-fee-currency":"USD","fill-price":1.17412,"fill-price-currency":"USD","fill-quantity":102580.0,"direction":"buy","is-assignment":false,"quantity":102580.0},{"id":"1739145363-61-1","algorithm-id":"1739145363","order-id":61,"order-event-id":1,"symbol":"EURUSD 8G","time":1503705600.0,"status":"submitted","fill-price":0.0,"fill-price-currency":"USD","fill-quantity":0.0,"direction":"sell","is-assignment":false,"quantity":-94053.0},{"id":"1739145363-61-2","algorithm-id":"1739145363","order-id":61,"order-event-id":2,"symbol":"EURUSD 8G","time":1503878400.0,"status":"filled","order-fee-amount":0.0,"order-fee-currency":"USD","fill-price":1.19195,"fill-price-currency":"USD","fill-quantity":-94053.0,"direction":"sell","is-assignment":false,"quantity":-94053.0},{"id":"1739145363-62-1","algorithm-id":"1739145363","order-id":62,"order-event-id":1,"symbol":"EURUSD 8G","time":1505347200.0,"status":"submitted","fill-price":0.0,"fill-price-currency":"USD","fill-quantity":0.0,"direction":"buy","is-assignment":false,"quantity":94053.0},{"id":"1739145363-62-2","algorithm-id":"1739145363","order-id":62,"order-event-id":2,"symbol":"EURUSD 8G","time":1505347200.0,"status":"filled","order-fee-amount":0.0,"order-fee-currency":"USD","fill-price":1.18893,"fill-price-currency":"USD","fill-quantity":94053.0,"direction":"buy","is-assignment":false,"quantity":94053.0},{"id":"1739145363-63-1","algorithm-id":"1739145363","order-id":63,"order-event-id":1,"symbol":"EURUSD 8G","time":1506470400.0,"status":"submitted","fill-price":0.0,"fill-price-currency":"USD","fill-quantity":0.0,"direction":"buy","is-assignment":false,"quantity":95405.0},{"id":"1739145363-63-2","algorithm-id":"1739145363","order-id":63,"order-event-id":2,"symbol":"EURUSD 8G","time":1506470400.0,"status":"filled","order-fee-amount":0.0,"order-fee-currency":"USD","fill-price":1.17849,"fill-price-currency":"USD","fill-quantity":95405.0,"direction":"buy","is-assignment":false,"quantity":95405.0},{"id":"1739145363-64-1","algorithm-id":"1739145363","order-id":64,"order-event-id":1,"symbol":"EURUSD 8G","time":1507766400.0,"status":"submitted","fill-price":0.0,"fill-price-currency":"USD","fill-quantity":0.0,"direction":"sell","is-assignment":false,"quantity":-95405.0},{"id":"1739145363-64-2","algorithm-id":"1739145363","order-id":64,"order-event-id":2,"symbol":"EURUSD 8G","time":1507766400.0,"status":"filled","order-fee-amount":0.0,"order-fee-currency":"USD","fill-price":1.18637,"fill-price-currency":"USD","fill-quantity":-95405.0,"direction":"sell","is-assignment":false,"quantity":-95405.0},{"id":"1739145363-65-1","algorithm-id":"1739145363","order-id":65,"order-event-id":1,"symbol":"EURUSD 8G","time":1509062400.0,"status":"submitted","fill-price":0.0,"fill-price-currency":"USD","fill-quantity":0.0,"direction":"buy","is-assignment":false,"quantity":97252.0},{"id":"1739145363-65-2","algorithm-id":"1739145363","order-id":65,"order-event-id":2,"symbol":"EURUSD 8G","time":1509062400.0,"status":"filled","order-fee-amount":0.0,"order-fee-currency":"USD","fill-price":1.16382,"fill-price-currency":"USD","fill-quantity":97252.0,"direction":"buy","is-assignment":false,"quantity":97252.0},{"id":"1739145363-66-1","algorithm-id":"1739145363","order-id":66,"order-event-id":1,"symbol":"EURUSD 8G","time":1510704000.0,"status":"submitted","fill-price":0.0,"fill-price-currency":"USD","fill-quantity":0.0,"direction":"sell","is-assignment":false,"quantity":-97252.0},{"id":"1739145363-66-2","algorithm-id":"1739145363","order-id":66,"order-event-id":2,"symbol":"EURUSD 8G","time":1510704000.0,"status":"filled","order-fee-amount":0.0,"order-fee-currency":"USD","fill-price":1.17901,"fill-price-currency":"USD","fill-quantity":-97252.0,"direction":"sell","is-assignment":false,"quantity":-97252.0},{"id":"1739145363-67-1","algorithm-id":"1739145363","order-id":67,"order-event-id":1,"symbol":"EURUSD 8G","time":1511568000.0,"status":"submitted","fill-price":0.0,"fill-price-currency":"USD","fill-quantity":0.0,"direction":"sell","is-assignment":false,"quantity":-96083.0},{"id":"1739145363-67-2","algorithm-id":"1739145363","order-id":67,"order-event-id":2,"symbol":"EURUSD 8G","time":1511740800.0,"status":"filled","order-fee-amount":0.0,"order-fee-currency":"USD","fill-price":1.19262,"fill-price-currency":"USD","fill-quantity":-96083.0,"direction":"sell","is-assignment":false,"quantity":-96083.0},{"id":"1739145363-68-1","algorithm-id":"1739145363","order-id":68,"order-event-id":1,"symbol":"EURUSD 8G","time":1512604800.0,"status":"submitted","fill-price":0.0,"fill-price-currency":"USD","fill-quantity":0.0,"direction":"buy","is-assignment":false,"quantity":96083.0},{"id":"1739145363-68-2","algorithm-id":"1739145363","order-id":68,"order-event-id":2,"symbol":"EURUSD 8G","time":1512604800.0,"status":"filled","order-fee-amount":0.0,"order-fee-currency":"USD","fill-price":1.18047,"fill-price-currency":"USD","fill-quantity":96083.0,"direction":"buy","is-assignment":false,"quantity":96083.0},{"id":"1739145363-69-1","algorithm-id":"1739145363","order-id":69,"order-event-id":1,"symbol":"EURUSD 8G","time":1514505600.0,"status":"submitted","fill-price":0.0,"fill-price-currency":"USD","fill-quantity":0.0,"direction":"sell","is-assignment":false,"quantity":-97010.0},{"id":"1739145363-69-2","algorithm-id":"1739145363","order-id":69,"order-event-id":2,"symbol":"EURUSD 8G","time":1514505600.0,"status":"filled","order-fee-amount":0.0,"order-fee-currency":"USD","fill-price":1.19384,"fill-price-currency":"USD","fill-quantity":-97010.0,"direction":"sell","is-assignment":false,"quantity":-97010.0},{"id":"1739145363-70-1","algorithm-id":"1739145363","order-id":70,"order-event-id":1,"symbol":"EURUSD 8G","time":1515542400.0,"status":"submitted","fill-price":0.0,"fill-price-currency":"USD","fill-quantity":0.0,"direction":"buy","is-assignment":false,"quantity":97010.0},{"id":"1739145363-70-2","algorithm-id":"1739145363","order-id":70,"order-event-id":2,"symbol":"EURUSD 8G","time":1515542400.0,"status":"filled","order-fee-amount":0.0,"order-fee-currency":"USD","fill-price":1.19289,"fill-price-currency":"USD","fill-quantity":97010.0,"direction":"buy","is-assignment":false,"quantity":97010.0},{"id":"1739145363-71-1","algorithm-id":"1739145363","order-id":71,"order-event-id":1,"symbol":"EURUSD 8G","time":1515801600.0,"status":"submitted","fill-price":0.0,"fill-price-currency":"USD","fill-quantity":0.0,"direction":"sell","is-assignment":false,"quantity":-95009.0},{"id":"1739145363-71-2","algorithm-id":"1739145363","order-id":71,"order-event-id":2,"symbol":"EURUSD 8G","time":1515974400.0,"status":"filled","order-fee-amount":0.0,"order-fee-currency":"USD","fill-price":1.21974,"fill-price-currency":"USD","fill-quantity":-95009.0,"direction":"sell","is-assignment":false,"quantity":-95009.0},{"id":"1739145363-72-1","algorithm-id":"1739145363","order-id":72,"order-event-id":1,"symbol":"EURUSD 8G","time":1518048000.0,"status":"submitted","fill-price":0.0,"fill-price-currency":"USD","fill-quantity":0.0,"direction":"buy","is-assignment":false,"quantity":95009.0},{"id":"1739145363-72-2","algorithm-id":"1739145363","order-id":72,"order-event-id":2,"symbol":"EURUSD 8G","time":1518048000.0,"status":"filled","order-fee-amount":0.0,"order-fee-currency":"USD","fill-price":1.22708,"fill-price-currency":"USD","fill-quantity":95009.0,"direction":"buy","is-assignment":false,"quantity":95009.0},{"id":"1739145363-73-1","algorithm-id":"1739145363","order-id":73,"order-event-id":1,"symbol":"EURUSD 8G","time":1522108800.0,"status":"submitted","fill-price":0.0,"fill-price-currency":"USD","fill-quantity":0.0,"direction":"sell","is-assignment":false,"quantity":-92490.0},{"id":"1739145363-73-2","algorithm-id":"1739145363","order-id":73,"order-event-id":2,"symbol":"EURUSD 8G","time":1522108800.0,"status":"filled","order-fee-amount":0.0,"order-fee-currency":"USD","fill-price":1.24565,"fill-price-currency":"USD","fill-quantity":-92490.0,"direction":"sell","is-assignment":false,"quantity":-92490.0},{"id":"1739145363-74-1","algorithm-id":"1739145363","order-id":74,"order-event-id":1,"symbol":"EURUSD 8G","time":1522281600.0,"status":"submitted","fill-price":0.0,"fill-price-currency":"USD","fill-quantity":0.0,"direction":"buy","is-assignment":false,"quantity":92490.0},{"id":"1739145363-74-2","algorithm-id":"1739145363","order-id":74,"order-event-id":2,"symbol":"EURUSD 8G","time":1522281600.0,"status":"filled","order-fee-amount":0.0,"order-fee-currency":"USD","fill-price":1.2313,"fill-price-currency":"USD","fill-quantity":92490.0,"direction":"buy","is-assignment":false,"quantity":92490.0},{"id":"1739145363-75-1","algorithm-id":"1739145363","order-id":75,"order-event-id":1,"symbol":"EURUSD 8G","time":1524528000.0,"status":"submitted","fill-price":0.0,"fill-price-currency":"USD","fill-quantity":0.0,"direction":"buy","is-assignment":false,"quantity":95456.0},{"id":"1739145363-75-2","algorithm-id":"1739145363","order-id":75,"order-event-id":2,"symbol":"EURUSD 8G","time":1524528000.0,"status":"filled","order-fee-amount":0.0,"order-fee-currency":"USD","fill-price":1.22098,"fill-price-currency":"USD","fill-quantity":95456.0,"direction":"buy","is-assignment":false,"quantity":95456.0},{"id":"1739145363-76-1","algorithm-id":"1739145363","order-id":76,"order-event-id":1,"symbol":"EURUSD 8G","time":1528243200.0,"status":"submitted","fill-price":0.0,"fill-price-currency":"USD","fill-quantity":0.0,"direction":"sell","is-assignment":false,"quantity":-95456.0},{"id":"1739145363-76-2","algorithm-id":"1739145363","order-id":76,"order-event-id":2,"symbol":"EURUSD 8G","time":1528243200.0,"status":"filled","order-fee-amount":0.0,"order-fee-currency":"USD","fill-price":1.1726,"fill-price-currency":"USD","fill-quantity":-95456.0,"direction":"sell","is-assignment":false,"quantity":-95456.0},{"id":"1739145363-77-1","algorithm-id":"1739145363","order-id":77,"order-event-id":1,"symbol":"EURUSD 8G","time":1530921600.0,"status":"submitted","fill-price":0.0,"fill-price-currency":"USD","fill-quantity":0.0,"direction":"sell","is-assignment":false,"quantity":-95281.0},{"id":"1739145363-77-2","algorithm-id":"1739145363","order-id":77,"order-event-id":2,"symbol":"EURUSD 8G","time":1531094400.0,"status":"filled","order-fee-amount":0.0,"order-fee-currency":"USD","fill-price":1.17439,"fill-price-currency":"USD","fill-quantity":-95281.0,"direction":"sell","is-assignment":false,"quantity":-95281.0},{"id":"1739145363-78-1","algorithm-id":"1739145363","order-id":78,"order-event-id":1,"symbol":"EURUSD 8G","time":1531440000.0,"status":"submitted","fill-price":0.0,"fill-price-currency":"USD","fill-quantity":0.0,"direction":"buy","is-assignment":false,"quantity":95281.0},{"id":"1739145363-78-2","algorithm-id":"1739145363","order-id":78,"order-event-id":2,"symbol":"EURUSD 8G","time":1531440000.0,"status":"filled","order-fee-amount":0.0,"order-fee-currency":"USD","fill-price":1.16655,"fill-price-currency":"USD","fill-quantity":95281.0,"direction":"buy","is-assignment":false,"quantity":95281.0},{"id":"1739145363-79-1","algorithm-id":"1739145363","order-id":79,"order-event-id":1,"symbol":"EURUSD 8G","time":1533254400.0,"status":"submitted","fill-price":0.0,"fill-price-currency":"USD","fill-quantity":0.0,"direction":"buy","is-assignment":false,"quantity":97258.0},{"id":"1739145363-79-2","algorithm-id":"1739145363","order-id":79,"order-event-id":2,"symbol":"EURUSD 8G","time":1533254400.0,"status":"filled","order-fee-amount":0.0,"order-fee-currency":"USD","fill-price":1.15857,"fill-price-currency":"USD","fill-quantity":97258.0,"direction":"buy","is-assignment":false,"quantity":97258.0},{"id":"1739145363-80-1","algorithm-id":"1739145363","order-id":80,"order-event-id":1,"symbol":"EURUSD 8G","time":1534896000.0,"status":"submitted","fill-price":0.0,"fill-price-currency":"USD","fill-quantity":0.0,"direction":"sell","is-assignment":false,"quantity":-97258.0},{"id":"1739145363-80-2","algorithm-id":"1739145363","order-id":80,"order-event-id":2,"symbol":"EURUSD 8G","time":1534896000.0,"status":"filled","order-fee-amount":0.0,"order-fee-currency":"USD","fill-price":1.15758,"fill-price-currency":"USD","fill-quantity":-97258.0,"direction":"sell","is-assignment":false,"quantity":-97258.0},{"id":"1739145363-81-1","algorithm-id":"1739145363","order-id":81,"order-event-id":1,"symbol":"EURUSD 8G","time":1537488000.0,"status":"submitted","fill-price":0.0,"fill-price-currency":"USD","fill-quantity":0.0,"direction":"sell","is-assignment":false,"quantity":-95602.0},{"id":"1739145363-81-2","algorithm-id":"1739145363","order-id":81,"order-event-id":2,"symbol":"EURUSD 8G","time":1537488000.0,"status":"filled","order-fee-amount":0.0,"order-fee-currency":"USD","fill-price":1.17749,"fill-price-currency":"USD","fill-quantity":-95602.0,"direction":"sell","is-assignment":false,"quantity":-95602.0},{"id":"1739145363-82-1","algorithm-id":"1739145363","order-id":82,"order-event-id":1,"symbol":"EURUSD 8G","time":1538092800.0,"status":"submitted","fill-price":0.0,"fill-price-currency":"USD","fill-quantity":0.0,"direction":"buy","is-assignment":false,"quantity":95602.0},{"id":"1739145363-82-2","algorithm-id":"1739145363","order-id":82,"order-event-id":2,"symbol":"EURUSD 8G","time":1538092800.0,"status":"filled","order-fee-amount":0.0,"order-fee-currency":"USD","fill-price":1.16366,"fill-price-currency":"USD","fill-quantity":95602.0,"direction":"buy","is-assignment":false,"quantity":95602.0},{"id":"1739145363-83-1","algorithm-id":"1739145363","order-id":83,"order-event-id":1,"symbol":"EURUSD 8G","time":1538611200.0,"status":"submitted","fill-price":0.0,"fill-price-currency":"USD","fill-quantity":0.0,"direction":"buy","is-assignment":false,"quantity":99242.0},{"id":"1739145363-83-2","algorithm-id":"1739145363","order-id":83,"order-event-id":2,"symbol":"EURUSD 8G","time":1538611200.0,"status":"filled","order-fee-amount":0.0,"order-fee-currency":"USD","fill-price":1.14777,"fill-price-currency":"USD","fill-quantity":99242.0,"direction":"buy","is-assignment":false,"quantity":99242.0},{"id":"1739145363-84-1","algorithm-id":"1739145363","order-id":84,"order-event-id":1,"symbol":"EURUSD 8G","time":1542412800.0,"status":"submitted","fill-price":0.0,"fill-price-currency":"USD","fill-quantity":0.0,"direction":"sell","is-assignment":false,"quantity":-99242.0},{"id":"1739145363-84-2","algorithm-id":"1739145363","order-id":84,"order-event-id":2,"symbol":"EURUSD 8G","time":1542585600.0,"status":"filled","order-fee-amount":0.0,"order-fee-currency":"USD","fill-price":1.14174,"fill-price-currency":"USD","fill-quantity":-99242.0,"direction":"sell","is-assignment":false,"quantity":-99242.0},{"id":"1739145363-85-1","algorithm-id":"1739145363","order-id":85,"order-event-id":1,"symbol":"EURUSD 8G","time":1545350400.0,"status":"submitted","fill-price":0.0,"fill-price-currency":"USD","fill-quantity":0.0,"direction":"sell","is-assignment":false,"quantity":-98898.0},{"id":"1739145363-85-2","algorithm-id":"1739145363","order-id":85,"order-event-id":2,"symbol":"EURUSD 8G","time":1545350400.0,"status":"filled","order-fee-amount":0.0,"order-fee-currency":"USD","fill-price":1.14554,"fill-price-currency":"USD","fill-quantity":-98898.0,"direction":"sell","is-assignment":false,"quantity":-98898.0}]